total_reward,episode_length,q_vals
0.20680000000000023,2297,0
-0.13200000000000012,961,0
1.9849999999999974,3532,0
1.2434000000000023,3200,0
0.23590000000000041,2137,0
